{
    "site.sql": {
        "dbtype": "mysqli",
        "dbtech": "mysql",
        "dbname": "jomla_express",
        "sqlfile": "site.sql",
        "marker": "\n\/**ABDB**\/",
        "dbhost": "localhost",
        "dbport": "",
        "dbsocket": "",
        "dbuser": "root",
        "dbpass": "",
        "prefix": "tx6xv_",
        "dbencryption": 0,
        "dbsslcipher": "",
        "dbsslca": "",
        "dbsslkey": "",
        "dbsslcert": "",
        "dbsslverifyservercert": 0,
        "parts": 14,
        "tables": [
            "#__action_log_config",
            "#__action_logs",
            "#__action_logs_extensions",
            "#__action_logs_users",
            "#__acym_action",
            "#__acym_automation",
            "#__acym_campaign",
            "#__acym_condition",
            "#__acym_configuration",
            "#__acym_custom_zone",
            "#__acym_field",
            "#__acym_followup",
            "#__acym_followup_has_mail",
            "#__acym_form",
            "#__acym_history",
            "#__acym_list",
            "#__acym_mail",
            "#__acym_mail_has_list",
            "#__acym_mail_override",
            "#__acym_mail_stat",
            "#__acym_mailbox_action",
            "#__acym_plugin",
            "#__acym_queue",
            "#__acym_rule",
            "#__acym_segment",
            "#__acym_step",
            "#__acym_tag",
            "#__acym_url",
            "#__acym_url_click",
            "#__acym_user",
            "#__acym_user_has_field",
            "#__acym_user_has_list",
            "#__acym_user_stat",
            "#__akeeba_common",
            "#__akeebabackup_backups",
            "#__akeebabackup_profiles",
            "#__akeebabackup_storage",
            "#__assets",
            "#__associations",
            "#__banner_clients",
            "#__banner_tracks",
            "#__banners",
            "#__categories",
            "#__contact_details",
            "#__content",
            "#__content_frontpage",
            "#__content_rating",
            "#__content_types",
            "#__contentitem_tag_map",
            "#__easyblog_acl",
            "#__easyblog_acl_filters",
            "#__easyblog_acl_group",
            "#__easyblog_adsense",
            "#__easyblog_associations",
            "#__easyblog_autoarticle_map",
            "#__easyblog_captcha",
            "#__easyblog_category",
            "#__easyblog_category_acl",
            "#__easyblog_category_fields_groups",
            "#__easyblog_comment",
            "#__easyblog_composer_block_templates",
            "#__easyblog_composer_blocks",
            "#__easyblog_configs",
            "#__easyblog_download",
            "#__easyblog_external",
            "#__easyblog_external_groups",
            "#__easyblog_favourites",
            "#__easyblog_featured",
            "#__easyblog_feedburner",
            "#__easyblog_feeds",
            "#__easyblog_feeds_history",
            "#__easyblog_fields",
            "#__easyblog_fields_filter",
            "#__easyblog_fields_groups",
            "#__easyblog_fields_groups_acl",
            "#__easyblog_fields_values",
            "#__easyblog_hashkeys",
            "#__easyblog_languages",
            "#__easyblog_likes",
            "#__easyblog_mailq",
            "#__easyblog_media",
            "#__easyblog_meta",
            "#__easyblog_migrate_content",
            "#__easyblog_oauth",
            "#__easyblog_oauth_logs",
            "#__easyblog_oauth_posts",
            "#__easyblog_oauth_tmp",
            "#__easyblog_optimizer",
            "#__easyblog_packages",
            "#__easyblog_polls",
            "#__easyblog_polls_items",
            "#__easyblog_polls_users",
            "#__easyblog_post",
            "#__easyblog_post_assets",
            "#__easyblog_post_category",
            "#__easyblog_post_rejected",
            "#__easyblog_post_tag",
            "#__easyblog_post_templates",
            "#__easyblog_ratings",
            "#__easyblog_reactions",
            "#__easyblog_reactions_history",
            "#__easyblog_reports",
            "#__easyblog_revisions",
            "#__easyblog_subscriptions",
            "#__easyblog_tag",
            "#__easyblog_team",
            "#__easyblog_team_groups",
            "#__easyblog_team_post",
            "#__easyblog_team_request",
            "#__easyblog_team_users",
            "#__easyblog_themes_overrides",
            "#__easyblog_twitter_microblog",
            "#__easyblog_uploader_tmp",
            "#__easyblog_users",
            "#__easyblog_xml_wpdata",
            "#__extensions",
            "#__fields",
            "#__fields_categories",
            "#__fields_groups",
            "#__fields_values",
            "#__finder_filters",
            "#__finder_links",
            "#__finder_links_terms",
            "#__finder_logging",
            "#__finder_taxonomy",
            "#__finder_taxonomy_map",
            "#__finder_terms",
            "#__finder_terms_common",
            "#__finder_tokens",
            "#__finder_tokens_aggregate",
            "#__finder_types",
            "#__guidedtour_steps",
            "#__guidedtours",
            "#__history",
            "#__jollyany_course_data",
            "#__languages",
            "#__mail_templates",
            "#__menu",
            "#__menu_types",
            "#__messages",
            "#__messages_cfg",
            "#__modules",
            "#__modules_menu",
            "#__newsfeeds",
            "#__overrider",
            "#__postinstall_messages",
            "#__privacy_consents",
            "#__privacy_requests",
            "#__redirect_links",
            "#__scheduler_tasks",
            "#__schemaorg",
            "#__schemas",
            "#__session",
            "#__spmedia",
            "#__sppagebuilder",
            "#__sppagebuilder_addonlist",
            "#__sppagebuilder_addons",
            "#__sppagebuilder_assets",
            "#__sppagebuilder_colors",
            "#__sppagebuilder_fonts",
            "#__sppagebuilder_integrations",
            "#__sppagebuilder_languages",
            "#__sppagebuilder_presets",
            "#__sppagebuilder_sections",
            "#__tags",
            "#__template_overrides",
            "#__template_styles",
            "#__ucm_base",
            "#__ucm_content",
            "#__update_sites",
            "#__update_sites_extensions",
            "#__updates",
            "#__user_keys",
            "#__user_mfa",
            "#__user_notes",
            "#__user_profiles",
            "#__user_usergroup_map",
            "#__usergroups",
            "#__users",
            "#__viewlevels",
            "#__webauthn_credentials",
            "#__workflow_associations",
            "#__workflow_stages",
            "#__workflow_transitions",
            "#__workflows"
        ]
    }
}